timestamp,historical_date,GHC
"2026-04-07 00:00:00",2003-06-20T03:06:07+00:00,
"2026-04-07 00:00:00",2003-06-20T03:06:50+00:00,
"2026-04-07 00:00:00",2003-06-20T03:06:53+00:00,
"2026-04-07 00:00:00",2003-06-20T03:10:07+00:00,
"2026-04-07 00:00:00",2003-06-20T03:14:57+00:00,
"2026-04-07 00:00:00",2003-06-20T03:18:22+00:00,
"2026-04-07 00:00:00",2003-06-20T03:20:50+00:00,0.041876
"2026-04-07 06:00:00",2003-06-20T04:50:26+00:00,74.119087,262.798735,4.478895,59.675224,414.882749,418.755615,422.934911,13.745385,0.179588,5.338127,13.400075,2.7354,0.13762,41.078161,282.179234,0.34199,0.632486,0.635862,45.468193,35738,0.071597
"2026-04-07 12:00:00",2003-06-20T05:03:09+00:00,486.001062,2140.259475,307.847132,305.000005,301.9861,9291.88,711186.2,23926.080457,9531.3246,46691.697,928064.805714,3109.206,452.62177,373462.1,201933.9952,200861.8552,2809.0068,1783887.797143
"2026-04-07 12:00:00",2003-06-20T05:03:19+00:00,486.001062,2140.259475,307.847132,305.000005,301.9861,9291.88,711186.2,23926.080457,9531.3246,46691.697,928064.805714,3109.206,452.62177,373462.1,201933.9952,200861.8552,2809.0068,1783887.797143
"2026-04-07 12:00:00",2003-06-20T05:09:28+00:00,357.38,Array,Array
"2026-04-07 12:00:00",2003-06-20T05:18:10+00:00,357.38,Array,Array
"2026-04-07 12:00:00",2003-06-20T05:19:31+00:00,357.38,Array,Array
"2026-04-07 12:00:00",2003-06-20T05:21:38+00:00,357.38,Array,Array
